<?xml version="1.0" encoding="UTF-8"?>
<project-private xmlns="http://www.netbeans.org/ns/project-private/1">
    <editor-bookmarks xmlns="http://www.netbeans.org/ns/editor-bookmarks/2" lastBookmarkId="0"/>
    <open-files xmlns="http://www.netbeans.org/ns/projectui-open-files/2">
        <group>
            <file>file:/C:/Users/User/Downloads/SuperMarketSystem/BandaTea/src/Controller/DeleteController.java</file>
            <file>file:/C:/Users/User/Downloads/SuperMarketSystem/BandaTea/src/View/employeeSalar.jpg</file>
            <file>file:/C:/Users/User/Downloads/SuperMarketSystem/BandaTea/src/Model/DBSearch.java</file>
            <file>file:/C:/Users/User/Downloads/SuperMarketSystem/BandaTea/src/View/EmpSalary.java</file>
            <file>file:/C:/Users/User/Downloads/SuperMarketSystem/BandaTea/src/Model/ChangeRecord.java</file>
            <file>file:/C:/Users/User/Downloads/SuperMarketSystem/BandaTea/src/View/Employee.java</file>
            <file>file:/C:/Users/User/Downloads/SuperMarketSystem/BandaTea/src/View/TeaSell.java</file>
            <file>file:/C:/Users/User/Downloads/SuperMarketSystem/BandaTea/src/View/ok1.jpg</file>
            <file>file:/C:/Users/User/Downloads/SuperMarketSystem/BandaTea/src/Controller/LoginController.java</file>
            <file>file:/C:/Users/User/Downloads/SuperMarketSystem/BandaTea/src/View/ok.jpg</file>
            <file>file:/C:/Users/User/Downloads/SuperMarketSystem/BandaTea/src/View/Home.java</file>
            <file>file:/C:/Users/User/Downloads/SuperMarketSystem/BandaTea/src/Model/UpdateRecord.java</file>
            <file>file:/C:/Users/User/Downloads/SuperMarketSystem/BandaTea/src/View/NewJFrame.java</file>
            <file>file:/C:/Users/User/Downloads/SuperMarketSystem/BandaTea/src/View/Login.java</file>
            <file>file:/C:/Users/User/Downloads/SuperMarketSystem/BandaTea/src/View/Supplierscopy.java</file>
            <file>file:/C:/Users/User/Downloads/SuperMarketSystem/BandaTea/src/Controller/con.java</file>
            <file>file:/C:/Users/User/Downloads/SuperMarketSystem/BandaTea/src/View/employeeinfor.jpg</file>
            <file>file:/C:/Users/User/Downloads/SuperMarketSystem/BandaTea/src/View/cancle.jpg</file>
            <file>file:/C:/Users/User/Downloads/SuperMarketSystem/BandaTea/src/Controller/UpdateController.java</file>
            <file>file:/C:/Users/User/Downloads/SuperMarketSystem/BandaTea/src/View/delete.jpg</file>
            <file>file:/C:/Users/User/Downloads/SuperMarketSystem/BandaTea/src/Model/DBConnection.java</file>
            <file>file:/C:/Users/User/Downloads/SuperMarketSystem/BandaTea/src/Model/DeleteRecord.java</file>
            <file>file:/C:/Users/User/Downloads/SuperMarketSystem/BandaTea/src/Model/model.java</file>
            <file>file:/C:/Users/User/Downloads/SuperMarketSystem/BandaTea/src/View/Login1.jpg</file>
            <file>file:/C:/Users/User/Downloads/SuperMarketSystem/BandaTea/src/View/Customer.java</file>
            <file>file:/C:/Users/User/Downloads/SuperMarketSystem/BandaTea/src/Controller/InsertController.java</file>
            <file>file:/C:/Users/User/Downloads/SuperMarketSystem/BandaTea/src/View/cancle1.jpg</file>
            <file>file:/C:/Users/User/Downloads/SuperMarketSystem/BandaTea/src/View/EmpInformation.java</file>
            <file>file:/C:/Users/User/Downloads/SuperMarketSystem/BandaTea/src/View/delete6.jpg</file>
            <file>file:/C:/Users/User/Downloads/SuperMarketSystem/BandaTea/src/View/empPreview.java</file>
            <file>file:/C:/Users/User/Downloads/SuperMarketSystem/BandaTea/src/View/Nowork.java</file>
            <file>file:/C:/Users/User/Downloads/SuperMarketSystem/BandaTea/src/View/Loading.java</file>
            <file>file:/C:/Users/User/Downloads/SuperMarketSystem/BandaTea/src/View/ok%201.jpg</file>
            <file>file:/C:/Users/User/Downloads/SuperMarketSystem/BandaTea/src/View/teasell1.java</file>
            <file>file:/C:/Users/User/Downloads/SuperMarketSystem/BandaTea/src/View/cancle2.jpg</file>
            <file>file:/C:/Users/User/Downloads/SuperMarketSystem/BandaTea/src/View/ForgetPassword.jpg</file>
            <file>file:/C:/Users/User/Downloads/SuperMarketSystem/BandaTea/src/Model/AddRecord.java</file>
        </group>
    </open-files>
</project-private>
